name,pos,hand len,hand wid,ht,wt,wingspan
Precious Achiuwa,PF,9.00,10.00,79.5,234.0,84.75
Ty-Shon Alexander,SG,8.75,8.75,74.0,200.8,80.0
Udoka Azubuike,C,9.25,10.00,82.0,259.5,91.25
Tyler Bey,PF,8.50,9.00,78.0,212.8,85.25
Yoeli Childs,PF,8.75,10.00,78.0,226.4,83.5
Mamadi Diakite,PF,9.00,10.25,80.5,222.1,87.75
Devon Dotson,PG,8.25,10.00,72.5,185.2,75.0
Paul Eboua,SF-PF,9.00,10.25,78.0,222.2,87.5
CJ Elleby,SG-SF,8.75,10.00,77.5,198.6,79.25
Trent Forrest,PG,9.00,9.75,75.5,203.0,79.5
Josh Green,SG-SF,8.00,8.75,76.5,214.0,81.75
Ashton Hagans,PG,9.00,9.00,73.5,193.0,80.0
Joshua Hall,SF,8.75,9.50,78.0,196.6,83.0
Jalen Harris,SG,8.25,9.50,74.75,193.4,79.0
Markus Howard,PG,8.50,7.75,69.5,170.8,72.25
Elijah Hughes,SF-SG,8.50,8.75,76.75,229.0,79.5
Isaiah Joe,SG,8.25,8.25,75.0,170.4,79.5
Mason Jones,SG,8.75,8.50,75.75,207.2,79.0
Nathan Knight,PF-C,9.00,9.50,80.0,235.0,86.0
Theo Maledon,PG,8.50,10.00,76.0,187.4,80.75
Karim Mane,PG-SG,8.50,9.75,77.0,196.0,83.0
Naji Marshall,SF,9.25,10.50,77.75,233.5,84.75
Kenyon Martin Jr.,SF-PF,8.50,8.75,78.0,213.2,79.25
Skylar Mays,SG,8.00,9.75,75.0,204.0,78.0
Zeke Nnaji,PF-C,9.00,10.50,81.25,246.8,86.0
Jordan Nwora,SF-PF,8.50,9.25,77.75,223.0,82.25
Reggie Perry,PF-C,9.25,11.00,80.25,249.6,84.25
Myles Powell,PG-SG,8.00,9.00,72.5,194.0,79.0
Immanuel Quickley,SG,8.00,8.75,74.0,185.8,80.25
Jahmi'us Ramsey,SG,8.75,9.75,74.5,193.4,78.0
Paul Reed Jr.,PF,9.00,8.75,80.5,219.2,86.0
Nick Richards,C,9.00,9.00,82.5,241.6,86.25
Grant Riller,PG-SG,8.00,8.50,72.25,178.4,77.25
Jayden Scrubb,SG-SF,8.25,9.75,77.0,185.2,81.5
Jalen Smith,PF-C,9.25,9.25,81.25,224.6,86.25
Cassius Stanley,SG,8.25,9.00,77.0,201.6,79.0
Lamar Stevens,SF-PF,8.50,9.75,77.75,228.0,81.0
Isaiah Stewart,C,9.00,10.50,79.25,243.0,88.75
Tyrell Terry,PG,7.50,8.25,73.5,170.0,73.75
Killian Tillie,PF,8.25,9.25,80.75,221.6,80.0
Xavier Tillman Sr.,PF-C,10.25,11.00,79.5,266.5,86.0
Kaleb Wesson,C,9.00,10.75,81.25,252.6,87.5
Kahlil Whitney,SF,9.25,10.25,77.5,205.0,84.25
Cassius Winston,PG,8.75,8.25,72.5,196.0,78.0
Robert Woodard II,SF,9.00,10.75,77.5,230.2,86.0
Nickeil Alexander-Walker,SG,8.50,8.75,76.25,203.8,81.5
Charles Bassey,C,9.25,9.50,80.75,239.0,87.5
Darius Bazley,PF,9.00,9.75,79.75,208.4,84.0
Bol Bol,C,9.25,9.50,84.75,208.0,91.0
Jordan Bone,SG,7.50,9.25,73.5,179.0,75.25
Brian Bowen II,SF,8.50,9.75,78.25,200.0,82.0
Ky Bowman,PG,8.25,9.00,73.0,181.2,79.0
Ignas Brazdeikis,SF,8.75,9.50,77.75,220.8,81.25
O'Shae Brissett,SF-PF,9.00,9.50,79.0,203.2,84.0
Moses Brown,C,9.50,10.25,85.25,237.2,88.75
Brandon Clarke,SF,8.25,9.50,79.25,207.2,80.25
Nicolas Claxton,C,9.25,9.50,82.0,216.6,86.5
Tyler Cook,PF,9.50,10.75,79.25,245.4,84.5
Jarrett Culver,SG,8.25,8.50,77.25,194.2,81.5
Terence Davis,SG,9.25,10.75,75.0,192.4,80.75
Luguentz Dort,PG,8.50,9.00,74.75,222.2,80.5
Devon Dotson,PG,8.25,9.50,72.0,178.6,75.25
Carsen Edwards,PG,8.75,9.00,70.75,199.4,78.0
Tacko Fall,C,10.50,10.50,89.25,288.8,98.25
Bruno Fernando,C,9.25,10.00,80.75,237.0,87.25
Daniel Gafford,PF,9.25,9.25,81.25,237.6,86.25
Quentin Grimes,SG,8.25,10.00,76.0,209.6,79.75
Kyle Guy,SG,8.00,8.75,72.75,167.8,76.5
Jaylen Hands,PG,8.00,8.25,73.5,180.4,77.5
Jared Harper,PG,8.25,9.50,69.75,169.2,77.5
Jaxson Hayes,PF,9.25,10.50,82.25,218.6,87.5
Dewan Hernandez,C,9.50,10.25,81.0,232.8,85.75
Tyler Herro,SG,8.00,8.75,76.5,192.4,75.25
Jalen Hoard,PF,8.75,9.75,79.25,212.6,84.75
Talen Horton-Tucker,SG,9.50,9.75,74.5,235.4,85.25
DaQuan Jeffries,SF-PF,9.50,10.25,76.0,215.6,83.25
Ty Jerome,PG,8.25,9.50,76.25,194.4,76.0
Keldon Johnson,SG,8.00,9.25,76.75,216.4,81.25
Cameron Johnson,SG,8.00,8.50,79.0,205.2,82.0
Mfiondu Kabengele,PF,9.25,10.75,80.75,256.2,87.0
Louis King,SF,8.00,8.50,78.75,195.2,84.25
Romeo Langford,SG,9.00,9.00,76.5,-,83.0
Dedric Lawson,PF,9.75,9.75,79.0,233.0,86.25
Jalen Lecque,PG,8.75,8.50,74.5,185.2,80.5
Nassir Little,SF,8.75,10.00,76.5,224.2,85.25
Terance Mann,SG-SF,9.50,9.25,76.75,204.6,79.75
Cody Martin,PG-SG,8.25,9.00,76.75,192.2,82.25
Charles Matthews,SG,8.50,8.75,77.0,194.8,81.5
Jalen McDaniels,SF,9.00,10.00,80.25,191.6,84.25
Zach Norvell Jr.,SG,8.50,9.50,76.5,206.4,78.0
Jaylen Nowell,SG,8.25,8.50,75.25,202.4,79.25
Jordan Nwora,PF,8.50,9.25,77.75,220.0,82.5
KZ Okpala,SF,9.25,9.25,79.25,209.6,85.75
Miye Oni,SG,9.00,10.00,76.25,205.6,82.75
Eric Paschall,SF,9.00,9.50,78.0,254.4,83.75
Reggie Perry,SF-PF,9.00,10.00,80.0,250.8,84.5
Shamorie Ponds,PG,7.75,8.00,71.5,180.0,75.5
Jordan Poole,SG,8.25,8.50,75.5,190.8,78.75
Jontay Porter,PF,8.75,9.50,81.75,210.4,84.0
Kevin Porter Jr.,SG,8.75,8.75,76.0,212.6,81.0
Neemias Queta,C,9.50,11.00,82.75,225.8,88.25
Cameron Reddish,SF,9.00,9.00,78.5,207.8,84.5
Naz Reid,PF,9.50,9.25,80.75,255.8,87.25
Isaiah Roby,PF,9.00,10.50,79.25,214.0,85.0
Luka Samanic,PF,8.50,9.00,81.5,227.2,82.5
Admiral Schofield,SF,8.75,9.00,76.0,240.6,81.75
Marial Shayok,SF-PF,8.75,9.25,76.5,196.8,84.25
Simisola Shittu,PF,8.75,8.50,80.5,227.2,85.25
P.J. Washington,PF,9.00,10.25,78.5,230.4,86.25
Tremont Waters,PG,8.00,9.75,69.5,172.4,74.25
Quinndary Weatherspoon,SG,8.50,9.00,75.0,206.6,81.0
Coby White,PG,7.75,9.00,75.5,191.4,77.0
Kris Wilkes,SF,8.50,9.50,78.25,208.8,82.75
Grant Williams,PF,9.00,10.50,77.75,240.2,81.75
Dylan Windler,SF,8.25,9.50,78.25,195.8,82.0
Rawle Alkins,SG,8.50,10.00,74.75,217.4,80.75
Grayson Allen,SG,8.25,10.00,75.0,198.0,79.25
Kostas Antetokounmpo,PF,9.25,9.50,81.0,194.8,86.25
Udoka Azubuike,C,9.50,10.00,82.0,273.8,91.0
Mohamed Bamba,C,9.75,10.25,83.25,225.6,94.0
Jaylen Barford,PG-SG,8.00,8.25,73.25,207.6,75.5
Keita Bates-Diop,SG-SF,9.00,8.50,79.25,223.8,87.25
Tyus Battle,SG,8.50,9.25,77.0,200.2,81.0
Brian Bowen,SG-SF,9.00,10.00,78.25,202.0,82.25
Miles Bridges,SF,9.00,9.75,77.25,220.4,81.5
Bruce Brown,SG-PG,8.50,8.50,75.5,194.6,81.0
Troy Brown,SF,9.00,9.75,77.75,208.0,82.25
Jalen Brunson,PG,8.25,9.25,73.0,198.4,76.0
Tony Carr,PG,8.50,9.75,75.0,198.8,80.25
Jevon Carter,PG,9.25,8.50,72.25,196.2,76.25
Wendell Carter,C-PF,8.50,9.00,80.75,251.4,88.5
Donte DiVincenzo,SG,8.25,9.00,75.5,200.6,78.0
Hamidou Diallo,SG,8.75,9.00,76.25,197.0,83.5
Trevon Duval,PG,8.75,10.00,73.5,191.0,80.25
Carsen Edwards,PG,8.50,9.25,70.75,195.6,78.25
Jacob Evans,SG-SF,9.00,9.25,76.25,199.6,81.25
Keenan Evans,PG,8.50,8.00,73.5,183.2,77.25
Bruno Fernando,C,9.50,10.00,80.75,233.2,88.25
Melvin Frazier,SF-SG,9.50,9.50,76.5,198.2,85.75
Shai Gilgeous-Alexander,PG,9.00,9.00,76.5,180.0,83.5
Devonte Graham,PG,8.50,9.50,72.25,186.4,78.25
Isaac Haas,C,10.00,10.50,85.25,303.0,89.0
Devon Hall,SG,8.50,10.00,76.25,206.4,79.75
Jaylen Hands,PG,8.00,8.00,73.5,179.0,77.5
Kevin Hervey,PF,9.25,10.25,78.5,211.6,87.5
Aaron Holiday,PG,8.75,8.50,71.75,187.0,79.5
Kevin Huerter,SG,8.25,8.50,78.25,194.0,79.5
Jaren Jackson,PF-C,10.00,10.00,81.75,236.0,89.25
Justin Jackson,PF,9.00,9.50,78.0,229.4,87.0
Alize Johnson,PF,8.50,9.75,79.25,216.6,80.75
George King,SF-SG,9.00,10.25,76.75,218.6,83.5
Kevin Knox,SF,8.75,9.25,79.75,212.6,83.75
Sagaba Konate,C,9.25,10.00,78.5,246.0,84.0
Caleb Martin,SF-SG,8.50,8.75,76.75,195.8,82.0
Cody Martin,SG-SF,8.50,9.00,76.75,188.6,82.25
Yante Maten,PF-C,9.25,10.00,79.25,246.2,84.5
Brandon McCoy,C,9.75,9.50,83.5,250.4,86.0
DeAnthony Melton,SG-PG,8.50,9.50,74.25,193.2,80.5
Chimezie Metu,PF-C,9.00,9.25,80.5,219.6,84.5
Shake Milton,SG-PG,8.75,9.50,76.5,207.2,84.75
Sviatoslav Mykhailiuk,SG-SF,8.25,9.50,78.5,211.6,76.75
Malik Newman,SG,8.50,9.50,74.5,189.2,77.5
Josh Okogie,SG,9.00,9.75,75.0,210.8,84.0
Theo Pinson,SG-SF,9.00,9.00,77.0,211.2,82.75
Jontay Porter,C-PF,8.75,9.50,82.0,236.0,84.25
Michael Porter,SF-PF,8.75,9.25,81.5,211.0,84.25
Billy Preston,PF,9.25,9.50,80.75,222.4,86.0
Jerome Robinson,SG,9.00,10.00,76.0,188.4,79.25
Collin Sexton,PG,8.25,8.50,72.5,183.0,79.25
Landry Shamet,PG,8.00,9.00,76.0,188.6,78.75
Anfernee Simons,SG-PG,8.75,9.00,74.25,183.2,81.25
Zhaire Smith,SF-SG,8.75,8.25,74.75,198.6,81.75
Ray Spalding,PF,9.25,9.00,81.0,215.4,88.75
Omari Spellman,PF-C,9.00,9.00,80.0,253.8,86.0
Khyri Thomas,SG,8.75,9.25,74.5,198.8,82.5
Gary Trent,SG,8.50,9.50,76.25,204.2,80.75
Allonzo Trier,SG,8.25,10.50,75.75,198.0,78.75
Moritz Wagner,C-PF,9.00,10.75,82.5,241.4,84.0
Lonnie Walker,SG,9.00,9.50,75.75,196.2,82.25
PJ Washington,PF,9.00,10.25,78.5,223.0,86.5
Austin Wiley,C,9.75,10.25,80.25,249.4,89.0
Kris Wilkes,SF,8.75,9.25,78.5,205.0,82.25
Kenrich Williams,SF,8.50,9.75,78.0,200.4,79.25
Trae Young,PG,8.00,9.25,72.5,177.8,75.0
Edrice Adebayo,PF-C,9.50,8.75,80.75,242.6,86.75
Rawle Alkins,SG-SF,8.75,10.00,74.5,222.6,80.75
Jarrett Allen,C,9.50,10.50,81.0,233.6,89.25
Kadeem Allen,PG,8.50,8.75,73.0,192.4,81.25
Ike Anigbogu,C,9.50,10.00,80.5,252.2,90.25
OG Anunoby,SF,9.25,9.50,78.25,232.4,86.25
Jamel Artis,SG-SF,9.25,9.75,77.5,213.2,82.0
Dwayne Bacon,SG-SF,8.75,10.00,76.75,221.6,82.0
V.J. Beachem,SG-SF,8.50,9.00,78.25,193.4,82.25
Jordan Bell,PF,9.25,9.50,79.0,223.6,83.75
Jaron Blossomgame,SF,8.75,10.25,77.75,218.6,82.0
Chris Boucher,PF,9.25,10.50,80.0,182.2,88.0
Tony Bradley,C,9.50,9.50,81.25,248.8,89.0
Isaiah Briscoe,PG,9.00,9.25,73.25,222.4,81.0
Dillon Brooks,SG-SF,8.25,9.25,77.0,220.2,78.0
Thomas Bryant,PF-C,9.50,10.25,81.5,247.8,90.0
John Collins,PF,9.00,10.00,80.25,225.2,83.25
Zach Collins,PF-C,8.75,9.25,82.25,232.2,85.0
Hamidou Diallo,SG-SF,8.50,9.50,75.75,197.4,83.25
Tyler Dorsey,SG,8.50,9.25,75.0,182.6,77.25
Damyean Dotson,SG-SF,8.50,9.25,76.5,205.2,81.0
PJ Dozier,SG,8.50,9.50,77.25,200.6,83.0
Jawun Evans,PG,8.00,7.75,70.75,185.2,77.5
Terrance Ferguson,SG-SF,8.50,10.00,77.5,184.4,80.75
De?Aaron Fox,PG,8.50,8.50,74.0,169.6,78.5
Harry Giles,PF,9.50,10.75,81.25,232.0,87.25
Josh Hart,SG-SF,8.50,9.50,75.75,209.2,80.25
Nigel Hayes,PF,8.75,10.00,78.25,254.2,87.25
Isaiah Hicks,PF,8.75,9.75,79.25,233.4,84.5
Wesley Iwundu,SG-SF,8.75,9.50,77.5,193.4,85.0
Frank Jackson,PG,8.25,9.00,74.0,201.6,79.5
Justin Jackson (UMD),SF,9.00,9.50,77.75,219.4,87.25
Justin Jackson (UNC),SF,8.75,9.25,79.0,200.8,83.0
Peter Jok,SG-SF,8.25,9.50,76.25,202.4,80.0
Luke Kennard,SG-SF,8.00,8.75,76.5,196.2,77.25
Kyle Kuzma,SF-SG,8.50,9.50,80.0,222.6,84.25
TJ Leaf,PF,8.50,9.50,80.75,222.2,83.0
Tyler Lydon,PF,8.75,8.75,80.25,215.0,84.0
Frank Mason III,PG,8.00,9.25,71.0,188.8,75.25
Kennedy Meeks,C,8.75,8.75,80.75,276.6,85.0
Donovan Mitchell,SG,8.50,9.50,73.25,211.4,82.0
Monte Morris,PG,8.25,8.75,73.25,175.2,76.0
Johnathan Motley,PF,9.00,9.50,79.75,238.2,88.0
Svi Mykhailiuk,SG-SF,8.00,9.25,78.5,219.6,77.0
Semi Ojeleye,SF-SG,8.75,9.50,77.25,241.4,81.75
Cameron Oliver,PF,9.50,10.25,79.0,238.6,85.25
Justin Patton,C,8.75,9.75,82.0,229.0,87.0
Alec Peters,PF,8.75,10.00,79.25,232.0,82.75
Ivan Rabb,PF,8.75,9.00,80.75,219.6,85.5
Davon Reed,SG-SF,9.25,9.50,76.5,206.2,84.0
Devin Robinson,SF,9.25,10.25,79.0,189.6,84.75
Kobi Simmons,PG,8.50,9.50,75.25,166.2,78.0
Edmond Sumner,PG,8.25,9.00,76.0,176.4,81.0
Caleb Swanigan,PF,9.50,10.25,79.5,245.6,87.0
Sindarius Thornwell,SG-SF,8.75,8.75,75.5,211.6,82.0
Melo Trimble,PG,8.00,8.75,73.25,195.2,74.0
Moritz Wagner,PF,8.75,10.75,82.0,231.2,84.0
Derrick Walton Jr.,PG,8.00,8.50,71.0,188.6,74.5
Thomas Welsh,PF-C,9.00,10.50,83.5,254.0,84.0
Derrick White,PG,8.25,8.50,75.25,189.8,79.5
Nigel Williams-Goss,PG,8.75,9.25,73.5,190.2,79.25
D.J. Wilson,PF,9.25,10.25,80.75,234.4,87.0
Omer Yurtseven,C,9.00,10.50,82.5,248.4,85.0
Ron Baker,SG,8.75,9.50,75.25,212.4,81.75
Wade Baldwin IV,PG,9.00,9.75,74.5,201.8,83.25
Cat Barber,PG,8.00,8.50,73.5,173.0,77.5
Malik Beasley,SG,8.50,9.00,75.5,189.8,79.0
DeAndre Bembry,SG-SF,8.00,9.25,76.25,206.6,81.25
Ben Bentil,PF,9.50,10.00,79.25,229.2,85.5
Jaron Blossomgame,SF,8.50,10.00,78.25,213.6,82.0
Joel Bolomboy,PF,9.00,10.25,79.5,224.4,85.75
Malcolm Brogdon,SG,9.00,10.25,75.75,223.0,82.5
Jaylen Brown,SG-SF,8.75,9.00,77.25,222.8,83.75
Marquese Chriss,PF,9.00,9.00,80.75,233.0,84.25
Elgin Cook,SF,8.50,10.25,77.0,209.8,82.0
Isaiah Cousins,PG,8.25,8.75,75.25,194.0,78.25
Deyonta Davis,PF,9.00,9.25,81.25,237.2,86.5
Cheick Diallo,PF,8.50,9.75,79.5,218.6,88.5
Kris Dunn,PG,-,-,75.0,0.0,81.5
Henry Ellenson,PF,8.50,9.75,82.0,242.0,86.25
Perry Ellis,PF,8.00,8.50,79.0,217.8,82.25
Kay Felder,PG,8.25,8.50,68.25,177.2,74.5
Dorian Finney-Smith,SF,9.00,9.75,78.5,212.6,83.75
Michael Gbinije,SG,8.00,9.00,77.5,204.6,79.5
Daniel Hamilton,SG-SF,9.00,8.50,78.25,197.0,81.0
Josh Hart,SG,8.50,9.25,76.0,203.6,80.5
Nigel Hayes,SF-PF,8.50,9.50,78.25,245.0,87.0
Buddy Hield,SG,8.50,9.00,75.75,212.4,81.25
Justin Jackson,SF,8.75,8.75,79.0,193.4,82.75
Demetrius Jackson,PG,8.25,9.00,72.0,193.8,77.5
Brice Johnson,PF,9.00,8.25,81.0,208.6,84.5
Damian Jones,C,8.75,10.50,82.25,243.6,87.75
Skal Labissiere,PF-C,8.75,9.00,82.5,215.8,86.5
Jake Layman,SF,8.25,9.25,80.0,208.6,81.25
Caris LeVert,SG,8.50,9.25,77.75,191.0,82.0
Marcus Lee,PF-C,9.00,9.00,81.0,211.0,87.0
Thon Maker,PF,8.75,9.50,83.75,216.0,87.0
Patrick McCaw,PG-SG,8.75,8.75,77.25,180.8,82.0
Malik Newman,SG,8.25,9.25,74.25,182.2,77.75
Georges Niang,PF,9.25,9.25,78.75,230.8,82.0
Chinanu Onuaku,C,9.00,8.00,81.0,245.2,86.75
Marcus Paige,PG,7.75,8.75,72.5,163.8,78.25
Gary Payton II,PG,8.75,9.50,74.0,183.8,80.0
Jakob Poeltl,C,9.25,10.25,84.25,239.0,86.75
Taurean Prince,SF,9.00,8.50,78.5,220.2,83.5
Zhou Qi,PF-C,9.25,9.50,85.25,218.2,91.75
Malachi Richardson,SG-SF,8.75,10.00,76.75,199.6,84.0
Wayne Selden,SG,9.00,9.25,76.25,232.4,82.5
Pascal Siakam,PF,9.25,10.00,80.25,226.6,87.25
Diamond Stone,C,8.50,7.75,81.0,254.4,86.75
Caleb Swanigan,PF,9.00,10.25,79.5,246.6,87.5
Melo Trimble,PG,8.00,8.75,73.25,191.8,74.0
Tyler Ulis,PG,7.50,7.50,68.75,149.2,74.0
Jarrod Uthoff,PF,8.75,9.00,80.5,214.4,83.5
Denzel Valentine,SG-SF,8.50,9.75,76.0,210.4,82.75
Isaiah Whitehead,PG-SG,8.50,8.75,75.25,210.0,80.75
Troy Williams,SF,8.25,9.25,77.75,217.8,80.25
Kyle Wiltjer,PF,8.25,9.50,80.75,242.8,84.25
Stephen Zimmerman,C,9.00,9.00,82.25,234.0,87.25
Cliff Alexander,PF-C,9.50,10.25,79.25,239.2,87.5
Justin Anderson,SF-SG,8.50,9.50,77.25,230.6,83.75
Brandon Ashley,PF,9.00,9.50,79.25,228.0,87.75
Ryan Boatright,PG,7.50,8.75,70.0,169.6,72.5
Devin Booker,SG,8.75,9.00,76.5,205.8,80.25
Anthony Brown,SF-SG,8.50,9.00,77.75,211.0,83.0
Willie Cauley-Stein,C,9.50,9.00,83.25,242.4,87.0
Rakeem Christmas,PF-C,9.25,9.00,80.25,242.6,89.25
Pat Connaughton,SG,8.50,9.25,76.0,215.0,80.0
Quinn Cook,PG,7.50,8.75,72.25,179.0,76.0
Branden Dawson,PF,9.00,8.75,77.5,230.2,83.0
Sam Dekker,SF,8.50,9.25,79.75,218.6,83.5
Michael Frazier II,SG,8.25,9.25,75.75,199.4,80.0
Treveon Graham,SF,8.50,8.25,76.0,219.4,82.5
Jerian Grant,PG,8.25,8.50,75.25,198.0,79.5
Olivier Hanlan,PG-SG,8.00,8.75,75.25,185.8,78.0
Montrezl Harrell,PF,9.00,9.75,79.0,253.4,88.25
Aaron Harrison,SG,8.75,10.00,76.5,209.2,80.25
Andrew Harrison,PG,8.25,9.25,76.5,213.2,81.0
Tyler Harvey,SG,7.75,8.75,74.75,181.4,77.5
Corey Hawkins,SG-PG,8.75,9.00,72.75,191.8,80.0
Rondae Hollis-Jefferson,SF,8.75,9.75,77.5,210.8,86.0
Jonathan Holmes,PF-SF,8.25,9.50,80.25,242.2,83.5
Richaun Holmes,PF,8.50,8.50,80.25,242.8,85.5
R.J. Hunter,SG,8.50,8.25,76.5,185.0,82.5
Vince Hunter,PF,9.00,8.75,78.75,208.4,83.0
Dakari Johnson,C,9.25,10.50,83.0,264.6,86.0
Stanley Johnson,SF,9.00,9.00,77.0,241.8,83.5
Tyus Jones,PG,8.25,8.75,72.5,184.6,77.0
Frank Kaminsky,C-PF,8.50,9.50,83.75,231.2,83.0
Kevon Looney,PF,9.50,9.25,80.0,222.4,87.5
Trey Lyles,PF,9.25,10.25,81.0,241.2,85.5
Jarell Martin,PF,8.25,9.50,80.0,238.6,81.0
TJ McConnell,PG,7.50,7.00,72.5,187.8,74.0
Chris McCullough,PF,8.75,8.75,80.25,199.0,87.25
Jordan Mickey,PF,8.75,9.50,79.0,238.0,87.25
Larry Nance,PF,9.00,9.75,79.5,226.6,85.5
Kelly Oubre,SF-SG,9.00,8.75,77.75,202.8,86.25
Cameron Payne,PG,8.50,8.25,72.75,182.8,79.25
Terran Petteway,SG,8.25,8.25,76.75,209.2,83.25
Bobby Portis,PF,9.50,9.25,81.5,246.2,86.0
Norman Powell,SG,9.25,9.00,75.0,215.4,82.75
Michael Qualls,SG-SF,9.00,10.25,76.0,201.4,84.25
Chasson Randle,PG,8.50,9.50,72.25,178.8,79.0
Terry Rozier,PG-SG,8.25,8.50,72.5,190.2,80.25
D?Angelo Russell,PG-SG,8.75,9.75,75.25,193.4,81.75
Keifer Sykes,PG,8.50,9.50,70.5,167.2,74.0
Marcus Thornton,PG-SG,8.25,8.50,73.75,177.4,79.75
J.P. Tokoto,SF-SG,8.00,8.75,77.25,195.8,82.0
Myles Turner,C-PF,9.25,9.25,81.75,238.6,88.0
Robert Upshaw,C,10.00,11.00,82.75,258.2,89.5
Rashad Vaughn,SG,8.00,8.50,75.75,198.6,79.0
Chris Walker,PF,9.00,9.00,80.75,208.0,86.75
Dez Wells,SG,8.75,9.75,75.0,208.8,81.5
Alan Williams,PF,8.50,9.50,79.25,261.4,85.75
Justise Winslow,SF,8.50,9.25,76.5,221.8,82.25
Christian Wood,PF,9.25,10.75,81.25,216.0,87.25
Delon Wright,PG,8.00,8.50,76.25,181.4,79.5
Jordan Adams,SG,8.50,7.50,75.5,208.8,82.0
Kyle Anderson,SF,8.25,8.75,79.5,230.1,86.75
Thanasis Antetokounmpo,SF,9.00,9.75,77.25,205.2,84.0
Jordan Bachynski,PF,9.25,10.00,85.25,254.1,88.0
Cameron Bairstow,PF,8.75,9.00,80.75,252.4,84.75
Khem Birch,PF,9.00,8.50,79.5,208.8,85.0
Alec Brown,PF,9.25,8.75,84.25,231.2,85.5
Jabari Brown,SG,9.00,9.25,75.0,201.9,80.25
Markel Brown,SG,8.25,9.75,74.5,184.4,80.75
Deonte Burton,PG,8.25,8.00,72.0,192.8,79.0
Semaj Christon,PG,8.50,8.25,73.5,186.0,78.5
Jordan Clarkson,PG,8.25,9.00,75.25,186.3,80.0
Aaron Craft,PG,7.75,8.50,72.75,191.6,74.0
DeAndre Daniels,SF,9.25,10.50,79.25,196.0,86.0
Spencer Dinwiddie,PG,8.25,9.00,76.5,204.9,80.25
Cleanthony Early,SF,8.50,9.00,78.0,209.4,82.75
Melvin Ejim,SF,8.75,9.25,77.25,218.5,83.25
Tyler Ennis,PG,8.25,8.75,73.0,181.5,79.25
Dante Exum,SG,8.50,9.50,76.5,196.3,81.5
C.J. Fair,SF,9.00,9.00,78.5,218.1,81.5
Aaron Gordon,PF,8.75,10.50,79.5,220.1,83.75
Jerami Grant,SF,9.25,9.25,78.5,214.0,86.75
P.J. Hairston,SG,8.75,9.75,76.25,228.8,81.0
Gary Harris,SG,8.50,9.50,74.5,204.8,78.75
Joe Harris,SG,8.50,9.75,76.75,215.0,78.0
Rodney Hood,SF,8.50,8.50,79.25,208.2,80.5
Cory Jefferson,PF,8.75,9.75,79.75,218.4,84.5
Nick Johnson,SG,8.75,9.75,73.5,198.0,79.25
Sean Kilpatrick,SG,9.00,9.00,74.5,218.7,79.0
Alex Kirk,PF,9.25,10.50,81.25,252.0,87.5
Zach LaVine,PG,8.25,8.75,76.5,180.9,80.25
Devyn Marble,SG,8.25,8.50,77.0,192.4,81.0
James McAdoo,PF,9.25,9.00,79.5,227.6,86.25
K.J. McDaniels,SF,8.75,9.75,76.5,195.6,83.25
Doug McDermott,SF,8.75,9.75,78.25,218.0,81.25
Jordan McRae,SG,8.75,8.50,75.75,179.4,84.5
Shabazz Napier,PG,8.25,8.50,71.0,175.2,75.25
Johnny O?Bryant III,PF,9.25,9.50,79.25,256.8,86.25
Lamar Patterson,SG,9.00,9.25,76.0,226.0,83.0
Adreian Payne,PF,9.25,9.50,81.0,238.5,88.0
Elfrid Payton,PG,8.75,9.00,74.5,185.4,80.0
Dwight Powell,PF,9.00,9.25,81.5,234.4,84.5
Julius Randle,PF,8.75,8.25,79.75,249.7,84.0
Glenn Robinson III,SF,9.00,9.50,77.5,211.4,82.0
LaQuinton Ross,SF,8.75,9.75,78.5,238.7,85.75
Marcus Smart,PG,9.00,8.75,74.0,227.2,81.25
Russ Smith,PG,8.25,8.50,71.5,160.0,75.5
Nik Stauskas,SG,8.50,8.50,77.25,206.9,79.75
Jarnell Stokes,PF,9.75,10.50,79.0,262.8,85.25
Xavier Thames,PG,8.25,9.00,74.25,187.0,76.0
Noah Vonleh,PF,9.75,11.75,80.0,247.1,88.25
T.J. Warren,SF,8.75,9.00,79.0,220.2,82.25
C.J. Wilcox,SG,8.75,9.00,75.5,201.0,81.75
Kendall Williams,PG,8.00,7.75,74.25,183.0,77.5
James Young,SG,9.00,9.50,77.25,213.3,84.0
Patric Young,PF,9.25,9.50,80.5,246.8,85.75
Steven Adams,C,9.50,11.00,82.75,254.5,88.5
Vander Blue,SG,8.50,9.50,75.5,197.4,78.0
Lorenzo Brown,PG,8.25,8.50,76.0,189.2,79.0
Reggie Bullock,SG-SF,8.50,9.00,77.75,199.8,80.75
Trey Burke,PG,8.25,8.75,71.75,187.0,77.5
Kentavious Caldwell-Pope,SG,8.50,9.00,76.5,203.6,80.0
Isaiah Canaan,PG,8.25,9.50,71.0,188.4,76.5
Jackie Carmichael,PF,9.00,10.25,79.5,241.2,85.5
Michael Carter-Williams,PG,7.50,8.50,76.75,184.4,79.25
Will Clyburn,SF-SG,9.25,10.25,77.75,210.4,84.25
Robert Covington,SF-PF,9.00,8.50,78.25,208.6,85.75
Allen Crabbe,SG,8.25,8.50,77.25,197.4,83.25
Seth Curry,SG,8.00,8.25,73.0,179.2,76.0
Brandon Davies,PF,9.00,11.00,80.5,241.8,85.5
Dewayne Dedmon,C,9.00,11.00,82.0,238.8,88.0
Gorgui Dieng,C,9.00,10.00,81.75,229.6,87.5
James Ennis,SF,8.50,8.75,77.75,200.8,83.5
Carrick Felix,SF-SG,8.50,9.50,76.75,202.6,81.25
Jamaal Franklin,SG-SF,8.50,8.25,76.0,190.8,83.25
Rudy Gobert,C,9.75,10.00,84.5,237.6,92.5
Archie Goodwin,SG,8.50,9.00,75.75,189.0,81.5
Erick Green,PG,8.50,9.00,73.5,178.2,77.75
Tim Hardaway Jr.,SG,8.00,9.25,76.5,199.4,79.0
Solomon Hill,SF,9.00,10.50,77.5,226.0,81.0
Richard Howell,PF,8.75,9.50,78.25,249.6,82.25
Colton Iverson,C,9.25,9.50,82.5,262.8,86.0
Pierre Jackson,PG,7.50,8.25,69.5,176.0,70.0
Grant Jerrett,PF,8.50,9.25,80.75,232.0,86.0
Myck Kabongo,PG,8.25,9.00,73.25,180.4,78.25
Kenny Kadji,PF-C,9.00,10.25,80.75,241.6,87.0
Ryan Kelly,PF,9.00,10.00,81.75,228.0,83.5
Shane Larkin,PG,7.50,8.75,70.25,170.8,70.75
Ricky Ledo,SG,8.50,9.25,76.75,197.2,79.25
CJ Leslie,PF-SF,8.75,9.00,79.5,209.2,86.25
Trevor Mbakwe,PF,9.50,11.50,78.75,235.8,88.0
Ray McCallum,PG,8.00,8.75,72.25,191.4,75.25
CJ McCollum,PG-SG,8.00,9.50,74.25,197.0,78.25
Ben McLemore,SG,8.75,9.50,75.5,189.2,79.75
Tony Mitchell,PF-SF,9.00,10.00,79.5,236.4,86.5
Shabazz Muhammad,SF-SG,9.00,10.00,76.75,221.8,83.0
Erik Murphy,PF,8.75,9.75,80.75,239.8,82.5
Mike Muscala,C-PF,8.50,9.00,82.25,230.2,85.0
Nerlens Noel,C,9.50,10.00,82.0,206.4,87.75
Victor Oladipo,SG,8.75,9.25,75.25,213.2,81.25
Kelly Olynyk,PF-C,8.50,10.00,82.75,234.0,81.75
Brandon Paul,SG,8.50,9.50,74.75,201.0,82.25
Norvel Pelle,PF-C,8.75,9.50,81.5,207.2,86.5
Mason Plumlee,C-PF,9.75,9.50,83.25,238.2,83.0
Otto Porter,SF,8.75,9.25,79.5,197.6,85.5
Phil Pressey,PG,7.75,9.75,69.5,177.0,74.25
Glen Rice,SF-SG,8.50,9.00,76.5,210.8,81.25
Andre Roberson,PF-SF,8.75,9.50,78.25,205.8,83.0
Dennis Schroder,PG,8.75,10.50,73.0,164.8,79.75
Peyton Siva,PG,8.00,9.75,71.5,180.6,75.0
Tony Snell,SF-SG,9.00,9.50,78.0,198.2,83.5
James Southerland,SF-PF,8.00,9.50,79.0,220.6,85.0
Deshaun Thomas,SF,8.00,8.75,77.0,219.8,82.0
Adonis Thomas,SF,9.25,9.50,76.75,231.8,85.0
Jeff Withey,C,9.00,9.75,82.75,221.8,86.0
Nate Wolters,PG,8.25,8.75,75.5,196.4,75.75
BJ Young,SG-PG,8.50,9.50,74.25,178.8,80.25
Cody Zeller,C-PF,8.50,10.50,82.75,230.0,82.75
Quincy Acy,PF,9.50,11.00,78.5,223.8,86.75
Harrison Barnes,SF-SG,9.00,8.50,79.0,227.8,83.25
Will Barton,SG-SF,9.00,9.50,77.0,174.4,81.75
Bradley Beal,SG,8.50,9.00,75.25,201.8,80.0
J'Covan Brown,PG,7.75,8.25,73.0,202.4,77.25
William Buford,SG-SF,8.75,10.00,76.0,214.6,81.5
Jae Crowder,SF,9.50,10.50,76.75,241.2,81.25
Jared Cunningham,SG-PG,8.25,9.00,75.5,187.6,78.5
Anthony Davis,PF-C,9.00,8.50,81.25,221.8,89.5
Marcus Denmon,SG,8.25,9.75,74.25,188.2,77.0
Andre Drummond,C,9.50,9.50,81.75,278.6,90.25
Kim English,SG,8.50,8.75,76.5,192.0,78.5
Festus Ezeli,C-PF,9.00,10.75,81.75,264.2,89.75
Drew Gordon,PF,8.50,9.75,80.0,239.0,83.5
JaMychal Green,PF,9.25,9.25,80.0,217.4,86.25
Draymond Green,PF-SF,9.00,9.50,77.75,235.6,85.25
Maurice Harkless,SF,9.25,10.25,79.25,206.6,84.0
John Henson,PF,9.25,10.00,81.0,216.0,89.0
Tu Holloway,PG,8.75,10.00,70.5,186.8,77.5
Robbie Hummel,SF,8.50,9.50,79.25,218.0,80.5
Bernard James,PF,9.00,9.25,80.75,229.8,87.0
John Jenkins,SG,9.00,9.00,75.25,212.0,80.5
Orlando Johnson,SG,9.00,9.50,75.75,223.8,83.25
Darius Johnson-Odom,SG,8.75,8.75,73.5,212.0,79.0
Terrence Jones,PF-SF,9.00,10.00,80.25,252.0,86.25
Perry Jones,PF-SF,9.25,9.50,82.25,233.8,85.75
Kevin Jones,PF,9.00,7.75,78.25,251.2,85.5
Kris Joseph,SG,9.00,9.00,78.0,215.0,83.0
Michael Kidd-Gilchrist,SF,9.00,10.25,77.75,232.8,84.0
Jeremy Lamb,SG,8.75,9.25,76.0,179.2,83.0
Doron Lamb,SG-PG,8.50,8.75,75.25,199.4,78.75
Meyers Leonard,C,9.25,11.00,83.75,249.8,87.0
Damian Lillard,PG,8.75,9.75,73.75,188.8,79.75
Scott Machado,PG,8.50,9.50,73.0,205.8,76.0
Kendall Marshall,PG,8.50,9.00,75.25,198.4,77.5
Fab Melo,C,9.00,10.00,82.75,255.0,86.5
Khris Middleton,SF,9.00,9.00,78.75,216.2,82.75
Darius Miller,SF-SG,8.50,8.75,78.0,233.4,81.0
Quincy Miller,SF,9.25,10.25,80.75,218.7,85.25
Tony Mitchell,SG,8.50,10.00,77.25,216.4,82.0
Arnett Moultrie,PF,9.25,9.25,81.5,232.8,86.25
Kevin Murphy,SG,8.50,8.50,77.0,194.0,78.75
Andrew Nicholson,PF,10.00,10.75,80.5,234.0,88.0
Kyle O'Quinn,PF,9.50,10.00,80.5,240.8,88.75
Miles Plumlee,PF-C,9.25,9.00,82.5,252.4,84.75
Austin Rivers,SG-PG,8.50,10.00,75.5,202.8,79.25
Thomas Robinson,PF,9.75,10.50,79.75,244.2,87.25
Terrence Ross,SG-SF,8.75,10.25,78.0,196.6,79.25
Tomas Satoransky,PG-SG,8.50,9.50,78.5,200.6,79.25
Mike Scott,PF,8.50,9.00,79.25,240.8,82.75
Henry Sims,C-PF,9.25,10.00,82.0,241.2,88.0
Jared Sullinger,PF,9.25,9.75,79.75,268.2,85.25
Jeff Taylor,SF-SG,8.25,9.75,78.0,212.8,78.25
Tyshawn Taylor,PG,8.75,8.75,74.75,177.0,78.25
Jordan Taylor,PG,8.25,9.50,73.0,192.8,75.0
Marquis Teague,PG,8.25,7.75,73.0,179.8,79.25
Hollis Thompson,SF,8.25,9.75,78.75,206.0,81.5
Dion Waiters,SG,8.50,9.50,74.5,221.0,79.25
Royce White,PF,9.50,11.50,79.0,260.6,84.0
Tony Wroten,PG,8.00,9.00,76.75,203.2,81.0
Tyler Zeller,PF-C,9.00,9.75,83.25,247.4,84.0
Keith Benson,C-PF,9.50,11.00,82.0,217.0,87.75
Marshon Brooks,SG,9.00,10.50,76.25,194.6,85.0
Alec Burks,SG,9.00,8.25,77.0,192.6,82.0
Jimmy Butler,SF,9.00,9.00,78.0,222.2,79.5
Norris Cole,PG,8.50,9.50,72.25,174.4,74.25
Jon Diebler,SG,8.25,8.25,77.25,196.6,78.0
Michael Dunigan,PF-C,9.00,10.75,80.5,237.6,87.25
LaceDarius Dunn,SG,9.00,10.25,75.0,187.8,78.25
Kenneth Faried,PF,8.50,10.25,78.0,224.6,84.0
James Fredette,PG,8.00,8.50,72.75,196.0,76.5
Andrew Goudelock,PG,8.25,9.25,73.25,197.6,76.25
Jordan Hamilton,SF,9.00,9.25,78.75,228.4,81.5
Justin Harper,PF-SF,9.00,9.25,80.0,228.0,83.75
Tobias Harris,SF-PF,8.75,9.00,78.5,222.8,83.0
Tyler Honeycutt,SF,8.50,9.50,78.75,186.8,81.0
Scotty Hopson,SG,8.50,10.00,77.75,204.6,82.5
Kyrie Irving,PG,8.25,9.25,73.75,191.0,76.0
Rick Jackson,PF,8.75,9.50,80.25,241.8,86.0
Charles Jenkins,PG-SG,8.50,9.00,73.5,216.4,79.5
JaJuan Johnson,PF,9.00,10.00,81.0,219.8,86.0
Cory Joseph,PG,8.50,10.50,74.0,186.2,77.5
Enes Kanter,PF-C,9.50,10.75,81.75,259.2,85.5
Brandon Knight,PG,8.25,9.50,73.5,176.8,78.75
Malcolm Lee,SG,8.50,9.50,76.0,198.2,81.75
Kawhi Leonard,SF,9.75,11.25,78.0,227.4,87.0
Travis Leslie,SG,8.75,9.25,75.0,205.0,82.5
Jon Leuer,PF,8.75,9.75,82.0,223.2,84.0
DeAndre Liggins,SF-SG,8.75,10.00,77.0,202.2,83.0
David Lighty,SG,9.00,10.00,76.75,216.2,80.0
Shelvin Mack,PG,8.25,9.25,73.0,209.0,79.5
Demetri McCamey,PG,8.50,9.00,73.75,204.0,78.25
E'Twaun Moore,SG,9.00,10.00,74.5,191.4,81.5
Markieff Morris,PF,8.50,8.25,79.75,240.8,82.75
Marcus Morris,PF-SF,8.25,8.50,79.0,229.6,82.0
Darius Morris,PG-SG,8.75,10.00,75.25,190.0,79.5
Chandler Parsons,SF,8.25,10.00,80.75,221.2,81.5
Jereme Richmond,SF,8.75,9.50,78.0,207.2,82.25
Josh Selby,SG-PG,8.50,9.00,73.75,194.6,77.25
Iman Shumpert,PG-SG,9.00,9.00,76.25,221.8,81.5
Kyle Singler,SF,8.25,8.75,79.5,228.0,82.1
Chris Singleton,SF,9.25,10.00,79.75,230.2,85.0
Jamie Skeen,PF,8.50,8.50,78.5,241.6,85.25
Gregory Smith,PF-C,9.75,12.00,80.0,252.8,86.5
Nolan Smith,PG,8.50,9.25,73.5,187.6,77.5
Malcolm Thomas,PF,9.50,10.50,79.5,223.0,84.5
Isaiah Thomas,PG,8.25,9.00,68.75,186.0,73.75
Trey Thompkins,PF,9.25,9.75,80.5,239.0,85.0
Klay Thompson,SG,8.75,9.25,77.75,205.6,81.0
Tristan Thompson,PF,8.75,9.25,79.5,227.4,85.25
Jeremy Tyler,PF-C,9.25,9.00,81.0,262.4,89.0
Nikola Vucevic,PF-C,9.25,10.25,82.25,259.8,88.5
Kemba Walker,PG,8.00,9.00,71.5,184.0,75.5
Derrick Williams,PF-SF,9.00,9.75,79.25,248.4,85.5
Jordan Williams,PF,9.25,10.00,79.75,247.2,84.25
Solomon Alabi,C,9.25,9.25,83.5,237.4,89.0
Cole Aldrich,C,9.00,9.25,81.0,236.0,88.75
Al-Farouq Aminu,SF,9.50,9.50,79.25,216.0,87.25
James Anderson,SF,8.50,7.25,76.75,207.6,80.5
Luke Babbitt,SF-PF,8.50,10.00,79.5,217.8,83.25
Eric Bledsoe,PG,8.50,9.75,72.25,191.6,79.5
Trevor Booker,PF,9.00,9.50,78.25,235.8,81.75
Craig Brackins,PF-SF,9.50,11.25,80.5,229.0,84.0
Avery Bradley,SG-PG,8.25,9.50,74.0,180.4,79.25
Derrick Caracter,PF,9.00,10.25,80.25,280.0,84.25
Sherron Collins,PG,8.50,9.50,70.25,217.2,74.5
DeMarcus Cousins,C,9.25,10.00,81.5,291.8,89.75
Jordan Crawford,SG,8.00,9.00,75.0,198.4,79.0
Ed Davis,PF,9.25,10.00,81.0,226.6,84.0
Devin Ebanks,SF,8.25,9.00,79.0,207.8,84.25
Derrick Favors,PF,8.75,9.25,80.75,245.2,88.0
Keith Gallon,PF-C,9.25,10.50,80.5,301.8,88.5
Charles Garcia,SF,8.75,9.00,80.25,231.6,85.75
Paul George,SF,8.50,9.00,79.75,214.4,83.25
Luke Harangody,PF,8.75,9.75,78.0,240.2,81.5
Manny Harris,SG,8.50,9.00,76.0,185.1,79.25
Gordon Hayward,SF,8.50,9.25,78.75,211.0,79.75
Lazar Hayward,SG-SF,9.25,9.50,76.5,225.8,84.75
Xavier Henry,SG,8.75,10.00,77.25,210.2,83.25
Darington Hobson,SG-SF,8.25,9.00,77.25,203.6,81.25
Damion James,SF,9.25,8.50,78.25,226.6,84.75
Armon Johnson,PG-SG,8.25,9.25,74.0,195.2,80.0
Wesley Johnson,SF,9.00,9.50,78.25,206.4,85.0
Dominique Jones,SG,9.00,10.25,75.25,216.0,81.25
Jerome Jordan,C,9.00,10.25,83.5,244.2,89.25
Sylven Landesberg,SG,8.75,10.75,76.75,210.0,81.0
Gani Lawal,PF,8.50,10.00,79.5,233.4,84.0
Greg Monroe,PF-C,8.75,9.50,81.75,246.6,86.25
Daniel Orton,C,8.50,9.75,80.75,269.2,88.25
Artsiom Parakhouski,C,9.00,10.50,82.25,268.2,85.0
Patrick Patterson,PF,9.25,10.25,80.0,239.6,85.25
Dexter Pittman,PF-C,10.25,10.50,81.5,302.6,90.0
Andy Rautins,SG,8.00,9.75,76.25,191.6,79.0
Ryan Richards,PF,9.00,9.75,82.5,230.2,85.5
Stanley Robinson,SF,9.00,9.00,78.5,213.2,84.0
Larry Sanders,PF-C,9.75,11.00,81.25,222.4,89.75
Jon Scheyer,PG-SG,7.75,9.50,76.75,180.0,75.25
Lance Stephenson,SG,9.00,10.25,76.5,227.0,82.5
Mikhail Torrance,PG,8.75,9.50,76.0,208.8,79.5
Evan Turner,SG,8.75,9.50,77.75,213.8,80.0
Ekpe Udoh,PF,9.50,8.75,80.75,237.4,88.5
Jarvis Varnado,PF-C,9.25,9.50,80.25,210.2,87.5
Greivis Vasquez,PG-SG,7.75,9.25,77.0,210.8,79.0
John Wall,PG,8.25,9.50,74.75,195.6,81.25
Willie Warren,SG-PG,8.50,9.50,74.5,208.4,78.0
Terrico White,SG-PG,9.00,10.50,75.75,202.6,81.0
Hassan Whiteside,C-PF,8.25,10.25,82.5,226.6,91.0
Jeff Adrien,PF,-,-,77.25,236.2,86.0
Jeff Ayres,PF,-,-,80.75,239.6,85.0
Rodrigue Beaubois,PG,-,-,73.25,182.4,81.75
DeJuan Blair,PF,-,-,77.25,276.6,86.0
Derrick Brown,SF-PF,-,-,79.5,224.6,86.5
Chase Budinger,SF-SG,-,-,78.25,206.4,79.0
DeMarre Carroll,PF-SF,-,-,78.25,207.2,82.0
Omri Casspi,SF,-,-,79.75,211.2,81.25
Dionte Christmas,SG,-,-,76.25,210.8,81.0
Earl Clark,SF-PF,-,-,80.5,228.4,86.5
Darren Collison,PG,-,-,72.25,166.2,75.0
Dante Cunningham,PF,-,-,79.0,227.4,83.0
Stephen Curry,PG-SG,-,-,74.0,181.0,75.5
Austin Daye,SF-PF,-,-,81.75,191.8,86.75
DeMar DeRozan,SG-SF,-,-,77.5,211.2,81.0
Toney Douglas,PG,-,-,73.0,183.4,78.0
Wayne Ellington,SG,-,-,76.25,202.4,78.5
Tyreke Evans,PG-SG,-,-,76.0,220.6,83.25
Jonny Flynn,PG,-,-,71.25,195.6,76.0
Taj Gibson,PF,-,-,80.5,214.4,88.0
Danny Green,SG-SF,-,-,77.25,208.0,82.0
Blake Griffin,PF,-,-,80.5,248.4,83.25
Tyler Hansbrough,PF,-,-,80.25,234.2,83.5
James Harden,SG,-,-,76.0,222.0,82.75
Gerald Henderson,SG-SF,-,-,76.0,214.6,82.25
Josh Heytvelt,PF-C,-,-,82.0,246.2,85.25
Jordan Hill,PF-C,-,-,81.25,232.4,85.5
Jrue Holiday,PG-SG,-,-,75.25,199.0,79.0
Joe Ingles,SF,-,-,79.75,209.2,82.25
James Johnson,SF-PF,-,-,79.0,257.2,84.75
Ty Lawson,PG,-,-,71.25,196.6,72.75
Eric Maynor,PG,-,-,74.25,163.6,74.5
Jack McClinton,SG-PG,-,-,71.75,185.2,74.5
Jerel McNeal,SG,-,-,73.5,190.4,79.25
Jodie Meeks,SG,-,-,75.0,211.4,76.5
Patty Mills,PG,-,-,71.25,175.4,74.0
Byron Mullens,C,-,-,83.75,258.2,85.5
A.J. Price,PG,-,-,72.5,192.8,75.75
Tyler Smith,SF,-,-,77.25,212.0,81.75
DaJuan Summers,SF,-,-,79.25,243.0,84.75
Jermaine Taylor,SG,-,-,75.5,207.4,80.75
Jeff Teague,PG,-,-,72.25,175.2,79.5
Hasheem Thabeet,C,-,-,85.25,267.2,90.25
Marcus Thornton,SG,-,-,74.75,194.4,77.0
Terrence Williams,SG-SF,-,-,77.0,213.2,81.0
Sam Young,SF-SG,-,-,77.25,222.8,82.75
Joe Alexander,SF-PF,-,-,79.25,220.0,83.5
Darrell Arthur,PF,-,-,79.5,216.0,82.75
D.J. Augustin,PG,-,-,70.0,171.5,75.5
Jerryd Bayless,PG-SG,-,-,73.75,204.0,75.5
Michael Beasley,PF-SF,-,-,79.0,239.0,84.25
Ramel Bradley,PG-SG,-,-,73.25,184.0,77.0
Tyrone Brazelton,PG,-,-,70.0,166.0,73.75
Takais Brown,PF,-,-,79.25,252.0,82.0
Keith Brumbaugh,SF-PF,-,-,79.5,190.0,79.25
Stanley Burrell,PG,-,-,73.5,201.0,78.25
Brian Butch,C-PF,-,-,81.5,229.6,83.25
Jamar Butler,PG,-,-,72.25,182.0,76.75
Pat Calathes,SF-PF,-,-,80.75,204.0,81.75
Joe Crawford,SG,-,-,75.0,213.0,77.75
Chris Daniels,C-PF,-,-,80.25,256.0,84.5
Joey Dorsey,PF-C,-,-,78.25,265.0,85.75
Marcus Dove,SF-PF,-,-,78.75,208.0,83.5
Josh Duncan,PF,-,-,80.0,230.0,83.5
Frank Elegar,PF,-,-,79.25,210.0,87.25
Patrick Ewing Jr.,SF-PF,-,-,78.0,224.0,84.25
Gary Forbes,SG,-,-,76.5,220.5,83.25
Shan Foster,SG,-,-,76.0,194.5,83.5
J.R. Giddens,SG,-,-,76.0,208.0,83.25
James Gist,PF,-,-,79.0,220.0,88.0
Vladimir Golubovic,C,-,-,83.25,258.0,86.5
Eric Gordon,SG,-,-,74.0,222.0,81.0
Kentrell Gransberry,C,-,-,78.75,290.0,82.25
Donte Greene,SF-PF,-,-,80.25,221.0,82.0
Malik Hairston,SG,-,-,76.25,204.0,81.0
DeVon Hardin,C-PF,-,-,81.5,235.0,87.0
Richard Hendrix,PF,-,-,78.75,250.0,87.0
George Hill,PG,-,-,73.25,181.0,81.0
Kyle Hines,SF-PF,-,-,75.75,234.0,85.25
Jiri Hubalek,C-PF,-,-,81.5,226.0,82.75
Lester Hudson,PG,-,-,71.75,196.0,80.75
Othello Hunter,PF-SF,-,-,78.5,220.0,87.0
Darnell Jackson,PF,-,-,79.0,240.5,83.25
Shawn James,PF,-,-,79.75,217.0,89.0
Davon Jefferson,SF,-,-,77.25,213.0,81.5
Joseph Jones,PF,-,-,79.0,240.0,84.25
DeAndre Jordan,C,-,-,81.75,250.0,90.0
Sasha Kaun,C-PF,-,-,81.0,247.0,88.0
Marcelus Kemp,SG,-,-,75.0,221.0,80.5
Maarty Leunen,SF,-,-,79.25,222.0,80.0
Longar Longar,C,-,-,81.0,212.5,85.25
Brook Lopez,C,-,-,83.25,258.0,89.5
Kevin Love,PF,-,-,79.75,255.0,83.25
Aleks Maric,C,-,-,81.75,273.0,85.0
O.J. Mayo,SG-PG,-,-,75.25,200.0,78.0
James Mays,PF,-,-,78.75,227.0,85.75
JaVale McGee,C-PF,-,-,83.0,241.0,90.0
Drew Neitzel,PG,-,-,71.75,175.5,74.5
DeMarcus Nelson,PG-SG,-,-,73.0,198.0,82.0
David Padgett,C-PF,-,-,82.25,239.5,85.0
Jeremy Pargo,PG,-,-,72.5,208.0,77.0
Trent Plaisted,PF,-,-,81.25,240.0,82.5
Quan Prowell,SF-PF,-,-,78.75,225.5,82.5
Shaun Pruitt,C-PF,-,-,80.25,242.2,85.0
Anthony Randolph,PF-SF,-,-,81.0,197.0,87.0
Charles Rhodes,PF,-,-,79.25,244.0,83.25
Brian Roberts,PG,-,-,72.25,173.0,73.25
Russell Robinson,PG,-,-,72.5,196.0,80.0
Richard Roby,SG-SF,-,-,76.25,203.0,81.75
Derrick Rose,PG,-,-,73.5,196.0,80.0
Sean Singletary,PG,-,-,71.0,183.8,76.5
Ronald Steele,PG,-,-,72.25,183.5,76.25
Bryce Taylor,SG,-,-,74.75,210.0,81.0
Mike Taylor,SG-PG,-,-,72.75,166.2,79.25
Mark Tyndale,SG-SF,-,-,74.75,217.0,83.0
Robert Vaden,SG,-,-,75.5,199.0,80.0
Deron Washington,SF,-,-,77.25,198.5,81.0
Sonny Weems,SG-SF,-,-,76.0,193.0,82.0
Russell Westbrook,PG,-,-,74.25,192.0,79.75
Reggie Williams,SG,-,-,75.25,199.0,81.25
Mohamed Abukar,SF,-,-,80.0,210.0,81.0
Mario Boggan,PF,-,-,77.0,240.0,86.0
Craig Bradshaw,PF,-,-,80.0,240.0,85.5
Corey Brewer,SF-SG,-,-,78.0,185.0,80.25
Aaron Brooks,PG,-,-,70.0,161.0,76.0
Bobby Brown,PG,-,-,71.0,170.0,76.0
Russell Carter,SG,-,-,75.0,221.0,80.5
Coleman Collins,PF,-,-,80.0,236.0,86.0
Mike Conley,PG,-,-,71.0,175.0,77.75
Daequan Cook,SG,-,-,75.0,203.0,80.25
Ryvon Covile,C-PF,-,-,79.0,250.0,85.25
Javaris Crittenton,PG,-,-,75.0,194.0,77.5
Jermareo Davidson,PF,-,-,81.0,230.0,88.0
Justin Doellman,PF,-,-,80.0,205.0,80.75
Zabian Dowdell,PG,-,-,73.0,191.0,82.0
Jared Dudley,SF,-,-,77.0,219.0,79.0
Kevin Durant,SF-PF,-,-,81.0,215.0,88.75
Rashaun Freeman,PF,-,-,78.0,244.0,83.5
Aaron Gray,C,-,-,84.0,271.0,87.25
Jeff Green,SF,-,-,79.0,228.0,85.25
Taurean Green,PG,-,-,71.0,173.0,74.25
Caleb Green,PF,-,-,78.0,238.0,83.75
Spencer Hawes,PF,-,-,82.0,244.0,84.5
Brandon Heath,PG,-,-,74.0,181.0,79.0
Herbert Hill,C,-,-,79.0,232.0,86.25
Al Horford,PF,-,-,80.0,246.0,84.75
Quinton Hosley,SF-SG,-,-,77.0,215.0,83.25
James Hughes,C,-,-,81.0,209.0,87.0
Jeremy Hunt,SG,-,-,74.0,198.0,80.25
Ekene Ibekwe,PF,-,-,80.0,208.0,90.0
Dominic James,PG,-,-,70.0,175.0,74.0
Trey Johnson,SG,-,-,75.0,216.0,77.0
Rashad Jones-Jennings,PF,-,-,78.0,235.0,84.0
Jared Jordan,PG,-,-,72.0,183.0,72.0
Coby Karl,SG-PG,-,-,75.0,204.0,83.0
Antanas Kavaliauskas,PF,-,-,81.0,237.0,82.5
Carl Landry,PF,-,-,79.0,248.0,83.0
Stephane Lasme,PF,-,-,77.0,213.0,86.0
Acie Law,PG,-,-,74.0,186.0,78.5
Marko Lekic,C,-,-,81.0,267.0,85.0
Ron Lewis,SG,-,-,74.0,194.0,78.5
Cartier Martin,SF,-,-,76.0,218.0,82.0
Dominic McGuire,SF,-,-,79.0,220.0,82.5
Josh McRoberts,PF,-,-,80.0,240.0,85.0
Sammy Mejia,SG,-,-,77.0,218.0,83.0
Brad Newley,SG,-,-,77.0,201.0,80.0
Demetris Nichols,SF,-,-,78.0,211.0,84.25
Joakim Noah,PF,-,-,82.0,223.0,85.25
Greg Oden,C,-,-,83.0,257.0,88.25
Ivan Radenovic,PF,-,-,81.0,226.0,83.75
JR Reynolds,PG,-,-,72.0,188.0,75.25
Chris Richard,PF,-,-,79.0,252.0,88.5
Dustin Salisbery,SG,-,-,75.0,208.0,80.0
Blake Schilb,SG,-,-,77.0,214.0,81.0
Renaldas Seibutis,SG,-,-,76.0,185.0,80.75
Ramon Sessions,PG,-,-,74.0,185.0,76.25
Mustafa Shakur,PG,-,-,75.0,185.0,77.5
Jason Smith,PF,-,-,82.75,233.0,82.75
DJ Strawberry,SG,-,-,75.75,199.0,78.5
Rodney Stuckey,SG-PG,-,-,75.75,207.0,79.25
Curtis Sumpter,SF,-,-,78.0,227.0,81.5
Yue Sun,SF,-,-,79.75,212.0,81.0
Jamaal Tatum,PG,-,-,71.5,168.0,74.5
Reyshawn Terry,SF,-,-,78.75,222.0,82.0
Al Thornton,SF,-,-,77.75,221.0,85.0
Anthony Tolliver,PF,-,-,79.0,242.0,86.5
Ali Traore,C-PF,-,-,80.75,249.0,88.0
Kyle Visser,C,-,-,82.0,242.0,83.0
Darryl Watkins,C,-,-,80.75,241.0,87.0
Major Wingate,C,-,-,80.5,242.0,88.0
DaShaun Wood,PG,-,-,70.75,167.0,72.75
Julian Wright,SF-PF,-,-,78.5,211.0,86.25
Brandan Wright,PF,-,-,80.75,200.0,87.75
Avis Wyatt,PF,-,-,80.75,212.0,85.0
Thaddeus Young,SF,-,-,77.75,210.0,83.5
Nick Young,SG-SF,-,-,77.0,206.0,84.0
Kenny Adeleke,PF-C,-,-,78.5,250.0,82.25
Maurice Ager,SG-PG,-,-,75.25,203.0,79.75
LaMarcus Aldridge,PF-C,-,-,82.0,234.0,88.75
Morris Almond,SG-SF,-,-,76.75,214.0,82.0
Lou Amundson,PF,-,-,79.2,221.0,83.5
Rashad Anderson,SG,-,-,75.25,224.0,79.0
Hilton Armstrong,C-PF,-,-,81.5,240.0,88.0
James Augustine,PF,-,-,80.25,227.0,84.25
Renaldo Balkman,SF-PF,-,-,77.25,206.0,85.0
J.P. Batista,PF,-,-,79.5,265.0,82.0
Will Blalock,PG,-,-,71.25,194.0,78.0
Brandon Bowman,SF,-,-,78.75,209.0,83.5
Ronnie Brewer,SG-PG,-,-,77.75,223.0,83.25
Denham Brown,SG-SF,-,-,76.0,218.0,81.5
Brad Buckman,PF,-,-,79.25,238.0,84.0
Nik Caner-Medley,SF,-,-,78.5,234.0,81.0
Rodney Carney,SG-SF,-,-,76.5,204.0,82.0
Keydren Clark,PG,-,-,69.0,184.0,74.5
Mardy Collins,PG-SG,-,-,76.25,224.0,82.0
Taquan Dean,SG-PG,-,-,74.0,183.0,78.75
Terence Dials,PF-C,-,-,79.75,253.0,84.0
Sean Dockery,PG-SG,-,-,72.75,182.0,76.5
Jordan Farmar,PG,-,-,72.75,171.0,75.0
Randy Foye,SG-PG,-,-,74.25,212.0,78.25
Torin Francis,PF-C,-,-,81.0,247.0,85.0
Rudy Gay,SF-PF,-,-,79.0,222.0,87.0
Nick George,SF-SG,-,-,76.0,201.0,82.0
Taj Gray,PF-SF,-,-,79.25,231.0,84.75
Dan Grunfeld,SF-SG,-,-,76.75,216.0,78.25
Matt Haryasz,PF-C,-,-,81.75,219.0,84.25
Eric Hicks,PF,-,-,76.75,238.0,85.5
Tedric Hill,SF-PF,-,-,79.75,236.0,85.0
Daniel Horton,PG-SG,-,-,72.5,198.0,79.0
Solomon Jones,PF-C,-,-,80.5,224.0,88.75
Bobby Jones,SF-SG,-,-,77.75,211.0,81.5
Viktor Keyru,SG-PG,-,-,77.25,202.0,81.25
Marco Killingsworth,PF,-,-,77.5,266.0,87.0
Tarence Kinsey,SF-SG,-,-,76.75,179.0,78.75
Carl Krauser,PG,-,-,71.75,190.0,78.25
Chris McCray,SG,-,-,75.0,187.0,77.75
Gerry McNamara,PG-SG,-,-,71.75,177.0,72.75
Pops Mensah-Bonsu,PF-C,-,-,79.5,232.0,84.0
Paul Miller,PF-C,-,-,80.5,251.0,84.0
Paul Millsap,PF,-,-,78.25,258.0,85.5
Dwayne Mitchell,SG-SF,-,-,74.0,208.0,78.5
Adam Morrison,SF,-,-,78.5,198.0,82.0
Yemi Nicholson,PF-C,-,-,79.75,258.0,88.25
David Noel,SF-SG,-,-,76.5,223.0,81.5
Steve Novak,SF,-,-,80.0,216.0,81.5
Patrick O'Bryant,C,-,-,83.0,249.0,89.75
Danilo Pinnock,PG-SG,-,-,74.75,204.0,79.5
Chris Quinn,PG-SG,-,-,72.5,175.0,77.0
Allan Ray,SG,-,-,73.0,204.0,80.5
JJ Redick,SG,-,-,76.0,190.0,75.25
Antywane Robinson,SF-PF,-,-,78.25,217.0,86.5
Brandon Roy,SG-SF,-,-,77.25,207.0,80.0
Blake Schilb,PG-SG,-,-,77.25,209.0,80.75
Mouhamed Sene,C,-,-,83.0,237.0,92.5
Cedric Simmons,PF-C,-,-,80.25,223.0,88.25
Marcus Slaughter,PF-SF,-,-,79.0,220.0,83.5
Craig Smith,PF,-,-,77.5,259.0,81.5
Steven Smith,SF-PF,-,-,79.5,238.0,84.5
Michael Southhall,C,-,-,81.5,241.0,88.25
Frans Steyn,C,-,-,85.25,280.0,86.25
Curtis Stinson,SG,-,-,73.75,208.0,77.0
Tyrus Thomas,PF-SF,-,-,79.25,217.0,87.0
Joah Tucker,SF-SG,-,-,75.75,224.0,78.5
Ian Vouyoukas,C-PF,-,-,80.5,267.0,84.75
Darius Washington,PG,-,-,71.5,195.0,76.0
CJ Watson,PG,-,-,72.5,171.0,78.0
Justin Williams,C-PF,-,-,79.25,211.0,85.5
Shelden Williams,PF-C,-,-,79.5,258.0,88.25
Shawne Williams,SF-PF,-,-,79.25,227.0,87.0
Eric Williams,C-PF,-,-,79.25,285.0,88.25
Marcus Williams,PG,-,-,74.0,215.0,79.0
Curtis Withers,PF-SF,-,-,78.0,227.0,82.0
Alex Acker,SG,-,-,75.75,183.0,84.0
Deji Akindele,C-PF,-,-,81.5,236.4,87.0
Nemanja Aleksandrov,PF-SF,-,-,82.0,220.6,83.0
Alan Anderson,SG-SF,-,-,76.5,223.2,81.5
Martynas Andriuskevicius,C-PF,-,-,85.25,227.8,83.25
Sean Banks,SF,-,-,77.75,206.4,85.0
Eddie Basden,SG-SF,-,-,76.25,210.0,82.25
Mike Bell,SF-PF,-,-,80.75,206.2,85.5
Andrew Bogut,C-PF,-,-,83.0,250.6,87.0
Dee Brown,PG-SG,-,-,71.0,179.0,74.0
Will Bynum,PG-SG,-,-,70.5,188.8,75.5
Marcus Campbell,C,-,-,82.25,280.4,90.0
Will Conroy,PG,-,-,73.0,188.6,75.0
Taylor Coppenrath,PF-SF,-,-,79.75,252.4,83.5
Travis Diener,PG-SG,-,-,71.75,165.2,71.75
Ike Diogu,PF,-,-,78.5,255.4,87.5
Daryl Dorsey,PG,-,-,71.25,160.8,71.5
Monta Ellis,SG-PG,-,-,74.25,176.6,74.75
Raymond Felton,PG,-,-,71.5,199.4,76.25
Rudy Fernandez,SG,-,-,76.75,172.0,79.5
D'Or Fischer,C-PF,-,-,81.25,242.4,90.0
Eddy Fobbs,C-PF,-,-,82.25,235.2,90.75
Sharrod Ford,PF,-,-,79.25,212.8,85.5
Channing Frye,PF-C,-,-,81.5,243.6,86.5
Deng Gai,PF-C,-,-,79.75,214.0,88.5
Francisco Garcia,SF-SG,-,-,77.75,189.6,82.75
John Gilchrist,PG,-,-,73.25,195.2,81.25
Marcin Gortat,PF-C,-,-,83.0,225.2,87.5
Joey Graham,SF,-,-,77.25,216.6,80.0
Gerald Green,SF,-,-,78.0,192.0,81.75
Charles Hayes,SF-PF,-,-,77.5,232.4,82.0
Luther Head,PG-SG,-,-,74.0,178.8,77.25
Julius Hodge,SG-SF,-,-,78.0,202.2,84.5
Jared Homan,C-PF,-,-,79.75,248.2,85.25
Ersan Ilyasova,SF,-,-,79.75,208.8,85.25
Jarrett Jack,PG,-,-,74.5,197.6,79.5
Dwayne Jones,C-PF,-,-,80.5,242.2,86.75
Mindaugas Katelynas,SF-PF,-,-,79.5,217.0,83.0
Jason Klotz,C-PF,-,-,80.5,249.4,82.0
Carl Krauser,PG-SG,-,-,71.5,193.4,77.5
Keith Langford,SG-SF,-,-,74.25,203.2,81.0
David Lee,PF,-,-,79.75,229.5,84.0
David Lucas,PF,-,-,78.5,233.4,84.0
John Lucas III,PG,-,-,69.25,154.4,72.0
Rawle Marshall,SG-SF,-,-,76.5,186.6,85.0
Jason Maxiell,PF,-,-,77.0,257.6,87.25
Sean May,PF,-,-,79.0,258.8,85.25
Rashad McCants,SG,-,-,74.75,201.0,82.75
Ivan McFarlin,PF,-,-,77.5,228.6,81.0
Juan Mendez,PF-SF,-,-,77.25,231.4,84.0
Aaron Miles,PG,-,-,72.0,174.6,75.5
Ellis Myles,PF,-,-,78.0,255.2,81.75
Larry O'Bannon,SG,-,-,75.0,196.0,78.0
Drago Pasalic,SF-PF,-,-,81.5,238.8,83.75
Chris Paul,PG,-,-,71.75,178.0,76.25
Kevin Pittsnogle,PF,-,-,81.25,259.2,82.5
Roger Powell,SF,-,-,76.75,218.6,83.5
Carlos Powell,SF-PF,-,-,77.25,221.8,82.75
Ronnie Price,PG,-,-,72.75,184.8,77.5
Anthony Roberson,PG,-,-,72.75,178.8,74.75
Brandon Rush,SG-SF,-,-,77.0,211.4,83.25
Luke Schenscher,C,-,-,83.75,241.6,89.0
Wayne Simien,PF,-,-,79.25,255.8,84.0
Tre Simmons,SG-SF,-,-,76.0,194.2,79.5
David Simon,C-PF,-,-,80.0,258.8,87.5
Chris Taft,PF,-,-,80.5,261.0,85.75
Chris Thomas,PG,-,-,71.75,176.2,75.0
Omar Thomas,SF-SG,-,-,75.25,200.0,80.0
Dijon Thompson,SF-SG,-,-,78.25,195.8,81.75
Ronny Turiaf,PF,-,-,80.0,237.8,85.5
Charlie Villanueva,PF-SF,-,-,81.0,236.6,84.25
Hakim Warrick,PF-SF,-,-,79.25,215.0,86.0
Martell Webster,SF,-,-,78.0,229.6,83.0
Robert Whaley,PF-C,-,-,80.0,269.4,86.0
Deron Williams,PG,-,-,73.75,202.4,78.25
Jawad Williams,SF,-,-,79.0,218.0,85.25
Marvin Williams,PF-SF,-,-,79.0,228.2,87.5
Bracey Wright,SG-PG,-,-,73.25,186.8,82.0
Antoine Wright,SF-SG,-,-,77.25,202.6,80.75
Tony Allen,SG,-,-,75.5,214.0,81.0
Trevor Ariza,SG-SF,-,-,79.0,201.0,86.0
Andre Barrett,PG,-,-,68.75,171.0,73.0
Brandon Bass,PF,-,-,78.25,246.0,86.5
Tony Bobbitt,SG,-,-,74.75,185.0,79.0
Brian Boddicker,SF-PF,-,-,79.5,230.0,82.0
Tim Bowers,PG-SG,-,-,72.5,181.0,81.0
Andre Brown,PF-C,-,-,80.0,236.0,83.0
Antonio Burks,PG,-,-,72.0,191.0,78.5
Jackie Butler,C,-,-,80.0,263.0,85.5
Aleksandar Capin,PG,-,-,72.0,176.0,73.5
Ales Chan,C,-,-,84.0,255.0,87.0
Josh Childress,SG-SF,-,-,77.75,196.0,83.0
TJ Cummings,SF,-,-,79.5,215.0,81.5
Erik Daniels,SF-PF,-,-,78.25,223.0,83.0
Luol Deng,SF,-,-,79.0,220.0,84.5
Marcus Douthit,C-PF,-,-,81.5,223.0,88.0
Chris Duhon,PG,-,-,72.0,193.0,78.5
John Edwards,C,-,-,83.25,264.0,88.5
Andre Emmett,SG-SF,-,-,75.5,216.0,81.0
Desmon Farmer,SG,-,-,76.5,214.0,80.5
Luis Flores,PG-SG,-,-,72.5,202.0,79.5
Matt Freije,SF-PF,-,-,80.25,234.0,85.0
Chris Garnett,C-PF,-,-,80.25,260.0,85.0
Ryan Gomes,SF-PF,-,-,78.5,248.0,86.0
Ben Gordon,PG-SG,-,-,73.0,192.0,80.5
Devin Harris,PG,-,-,73.75,170.0,79.5
Dwight Howard,PF-C,-,-,81.0,240.0,88.5
Rolando Howell,PF,-,-,79.5,229.0,84.5
Kris Humphries,PF,-,-,80.25,238.0,84.5
Andre Iguodala,SG-SF,-,-,77.75,217.0,83.0
Martin Iti,C-PF,-,-,80.5,233.0,89.0
Luke Jackson,SF-SG,-,-,78.0,212.0,80.5
Al Jefferson,PF-SF,-,-,80.5,263.0,86.5
Arthur Johnson,PF-C,-,-,79.0,262.0,87.0
Ivan Koljevic,PG,-,-,73.0,172.0,74.5
Herve Lamizana,SF-PF,-,-,79.5,210.0,85.5
Sergei Lishouk,PF-SF,-,-,82.25,244.0,84.0
Shaun Livingston,PG-SG,-,-,78.25,186.0,83.0
Jaime Lloreda,PF,-,-,78.75,247.0,81.5
Bryant Matthews,SF-SG,-,-,77.75,206.0,84.5
Marcus Melvin,SF-PF,-,-,78.75,241.0,84.0
Rich Melzer,PF-SF,-,-,79.5,229.0,86.0
Ricky Minard,PG-SG,-,-,75.25,198.0,79.0
Marcus Moore,PG-SG,-,-,76.0,202.0,81.0
James Moore,PF-SF,-,-,78.5,198.0,84.5
Michel Morandais,SG-SF,-,-,75.75,205.0,83.5
Jameer Nelson,PG,-,-,71.0,199.0,74.5
Misan Nikagbatse,SG-PG,-,-,75.5,223.0,82.0
Emeka Okafor,C-PF,-,-,80.75,257.0,88.0
Randall Orr,PF-SF,-,-,81.0,193.0,82.5
Dylan Page,SF,-,-,79.5,239.0,79.0
Drago Pasalic,PF,-,-,81.25,231.0,83.5
Rickey Paulding,SG,-,-,74.75,210.0,81.5
Kelvin Pena,SG-PG,-,-,74.25,182.0,78.5
Tim Pickett,PG-SG,-,-,75.0,207.0,79.5
Omar Quintero,PG,-,-,69.75,170.0,71.5
Peter Ramos,C,-,-,85.75,266.0,89.5
Jared Reiner,C-PF,-,-,82.0,246.0,84.5
Lawrence Roberts,PF,-,-,79.5,233.0,81.5
Bernard Robinson,SG-SF,-,-,77.25,208.0,82.0
Nate Robinson,PG,-,-,67.75,181.0,73.0
Aerick Sanders,PF,-,-,78.5,205.0,83.5
Romain Sato,SG,-,-,74.0,204.0,83.0
Blagota Sekulic,SF-PF,-,-,81.25,234.0,83.0
Josh Smith,SG-SF,-,-,79.0,221.0,84.0
J.R. Smith,SG-SF,-,-,77.5,227.0,82.0
Kirk Snyder,SG-SF,-,-,78.0,228.0,81.0
Pape Sow,PF-C,-,-,80.5,233.0,86.0
Tiago Splitter,C-PF,-,-,82.25,233.0,86.0
Tom Timmerrmans,PF-C,-,-,82.5,272.0,83.0
Marko Tomas,SG-PG,-,-,78.5,198.0,79.0
Beno Udrih,PG,-,-,74.5,199.0,76.5
Jackson Vroman,PF-C,-,-,81.25,226.0,84.0
Delonte West,PG-SG,-,-,73.5,183.0,78.0
Damien Wilkins,SG-SF,-,-,76.5,222.0,84.0
Mike Williams,SF,-,-,77.5,197.0,83.5
Nate Williams,PF-SF,-,-,80.5,240.0,85.5
Rashad Wright,PG,-,-,72.5,190.0,82.0
RJ Barrett,SF,-,-,78.5,190.0,82.0
Darius Garland,SG,-,-,72.5,175.0,75.0
De'Andre Hunter,SF,-,-,79.0,225.0,86.0
Ja Morant,PG,-,-,75.0,174.0,79.0
Zion Williamson,PF,-,-,78.0,284.0,82.0
Markelle Fultz,PG,-,-,75.0,201.0,81.0
Kris Dunn,PG,-,-,75.0,205.0,81.5
Lebron James,SF,9.0,9.25,81.0,250.0,84.0
Carmelo Anthony,SF,-,-,80.0,235.0,84.0
